{
  "generated_at": "2025-09-03T19:37:16.350743+00:00",
  "allocation": {
    "Bonds": 0.2621404528617859,
    "Crypto": 0.05357075110077858,
    "Mutual Funds": 0.27339866757392883,
    "SIPs": 0.2703162431716919,
    "Stocks": 0.14057384431362152
  }
}